"RwID","SOATO_U","UkrName","SettlType","Zone","District","Oblast","PN2001"
1,"0120100036","Прип'ять","місто",1,"м.Прип'ять","Київська",0
2,"0120100055","Чорнобиль","місто",1,"Іванківський","Київська",0
3,"0520250100","Бар","місто",0,"Барський","Вінницька",17065
4,"0520450100","Бершадь","місто",0,"Бершадський","Вінницька",13179
5,"0520850100","Гайсин","місто",0,"Гайсинський","Вінницька",25495
6,"0521250100","Іллінці","місто",0,"Іллінецький","Вінницька",11103
7,"0521450100","Козятин","місто",0,"м.Козятин","Вінницька",26121
8,"0521650100","Калинівка","місто",0,"Калинівський","Вінницька",19848
9,"0521955100","Крижопіль","смт.",0,"Крижопільський","Вінницька",9464
10,"0522255100","Липовець","місто",0,"Липовецький","Вінницька",9300
11,"0522455100","Літин","смт.",0,"Літинський","Вінницька",6971
12,"0522855100","Муровані Курилівці","смт.",0,"Мурованокуриловецький","Вінницька",6177
13,"0523050100","Немирів","місто",0,"Немирівський","Вінницька",11424
14,"0523155100","Оратів","смт.",0,"Оратівський","Вінницька",3193
15,"0523255100","Піщанка","смт.",0,"Піщанський","Вінницька",5654
16,"0523450100","Погребище","місто",0,"Погребищенський","Вінницька",10673
17,"0523755100","Теплик","смт.",0,"Теплицький","Вінницька",6737
18,"0523955100","Томашпіль","смт.",0,"Томашпільський","Вінницька",5944
19,"0524150300","Ладижин","місто",4,"м.Ладижин","Вінницька",22171
20,"0524155100","Тростянець","смт.",0,"Тростянецький","Вінницька",8151
21,"0524350100","Тульчин","місто",4,"Тульчинський","Вінницька",15847
22,"0524550500","Гнівань","місто",0,"Тиврівський","Вінницька",12852
23,"0524555100","Тиврів","смт.",0,"Тиврівський","Вінницька",4666
24,"0524955100","Чернівці","смт.",0,"Чернівецький","Вінницька",3090
25,"0525055100","Чечельник","смт.",4,"Чечельницький","Вінницька",5590
26,"0525350100","Шаргород","місто",0,"Шаргородський","Вінницька",6923
27,"0525650100","Ямпіль","місто",0,"Ямпільський","Вінницька",11651
28,"0540100000","Вінниця","місто",0,"м.Вінниця","Вінницька",354639
29,"0540300000","Жмеринка","місто",0,"м.Жмеринка","Вінницька",37073
30,"0540400000","Могилів-Подільський","місто",0,"м.Могилів-Подільський","Вінницька",32226
31,"0540900000","Хмільник","місто",0,"м.Хмільник","Вінницька",25181
32,"0720550400","Устилуг","місто",0,"Володимир-Волинський","Волинська",2276
33,"0720850100","Горохів","місто",0,"Горохівський","Волинська",8847
34,"0720850300","Берестечко","місто",0,"Горохівський","Волинська",1863
35,"0721155100","Іваничі","смт.",0,"Іваничівський","Волинська",6918
36,"0721450100","Камінь-Каширський","місто",3,"Камінь-Каширський","Волинська",10609
37,"0721850100","Ківерці","місто",0,"Ківерцівський","Волинська",16505
38,"0722455100","Локачі","смт.",0,"Локачинський","Волинська",4008
39,"0723155100","Любешів","смт.",3,"Любешівський","Волинська",5514
40,"0723350100","Любомль","місто",0,"Любомльський","Волинська",10270
41,"0723655100","Маневичі","смт.",3,"Маневицький","Волинська",10119
42,"0724255100","Ратне","смт.",0,"Ратнівський","Волинська",8489
43,"0725055100","Стара Вижівка","смт.",0,"Старовижівський","Волинська",5151
44,"0725555100","Турійськ","смт.",0,"Турійський","Волинська",5866
45,"0725755100","Шацьк","смт.",0,"Шацький","Волинська",5708
46,"0740100000","Луцьк","місто",0,"м.Луцьк","Волинська",205585
47,"0740200000","Володимир-Волинський","місто",0,"м.Володимир-Волинський","Волинська",37982
48,"0740400000","Ковель","місто",0,"м.Ковель","Волинська",65777
49,"0740700000","Нововолинськ","місто",0,"м.Нововолинськ","Волинська",53703
50,"0920655100","Біловодськ","смт.",0,"Біловодський","Луганська",8626
51,"0920955100","Білокуракине","смт.",0,"Білокуракинський","Луганська",7969
52,"0921650100","Кремінна","місто",0,"Кремінський","Луганська",24252
53,"0922250100","Лутугине","місто",0,"Лутугинський","Луганська",18733
54,"0922555100","Марківка","смт.",0,"Марківський","Луганська",7301
55,"0922855100","Мілове","смт.",0,"Міловський","Луганська",5611
56,"0923155100","Новоайдар","смт.",0,"Новоайдарський","Луганська",9020
57,"0923355100","Новопсков","смт.",0,"Новопсковський","Луганська",9952
58,"0923650100","Перевальськ","місто",0,"Перевальський","Луганська",29220
59,"0923650300","Артемівськ","місто",0,"Перевальський","Луганська",9098
60,"0923650600","Зоринськ","місто",0,"Перевальський","Луганська",8672
61,"0923850100","Попасна","місто",0,"Попаснянський","Луганська",25842
62,"0924050100","Сватове","місто",0,"Сватівський","Луганська",19383
63,"0924550300","Зимогір'я","місто",0,"Слов'яносербський","Луганська",11212
64,"0924555100","Слов'яносербськ","смт.",0,"Слов'яносербський","Луганська",8207
65,"0924855100","Станиця Луганська","смт.",0,"Станично-Луганський","Луганська",14543
66,"0925150100","Старобільськ","місто",0,"Старобільський","Луганська",22040
67,"0925455100","Троїцьке","смт.",0,"Троїцький","Луганська",8386
68,"0940100000","Луганськ","місто",0,"м.Луганськ","Луганська",459294
69,"0940160300","Олександрівськ","місто",0,"м.Луганськ","Луганська",6935
70,"0940161400","Щастя","місто",0,"м.Луганськ","Луганська",13799
71,"0940300000","Антрацит","місто",0,"м.Антрацит","Луганська",63404
72,"0940500000","Брянка","місто",0,"м.Брянка","Луганська",54850
73,"0941000000","Кіровськ","місто",0,"м.Кіровськ","Луганська",35136
74,"0941200000","Алчевськ","місто",0,"м.Алчевськ","Луганська",118611
75,"0941400000","Краснодон","місто",0,"м.Краснодон","Луганська",49921
76,"0941450400","Молодогвардійськ","місто",0,"м.Краснодон","Луганська",25654
77,"0941450700","Суходільськ","місто",0,"м.Краснодон","Луганська",23739
78,"0941600000","Красний Луч","місто",0,"м.Красний Луч","Луганська",94756
79,"0941650300","Вахрушеве","місто",0,"м.Красний Луч","Луганська",14770
80,"0941650600","Міусинськ","місто",0,"м.Красний Луч","Луганська",6042
81,"0941650900","Петрівське","місто",0,"м.Красний Луч","Луганська",15623
82,"0941800000","Лисичанськ","місто",0,"м.Лисичанськ","Луганська",114905
83,"0941850400","Новодружеськ","місто",0,"м.Лисичанськ","Луганська",9154
84,"0941850700","Привілля","місто",0,"м.Лисичанськ","Луганська",9081
85,"0942100000","Первомайськ","місто",0,"м.Первомайськ","Луганська",43094
86,"0942150300","Гірське","місто",0,"м.Первомайськ","Луганська",11580
87,"0942150500","Золоте","місто",0,"м.Первомайськ","Луганська",17816
88,"0942300000","Ровеньки","місто",0,"м.Ровеньки","Луганська",53609
89,"0942500000","Рубіжне","місто",0,"м.Рубіжне","Луганська",65564
90,"0942700000","Свердловськ","місто",0,"м.Свердловськ","Луганська",72611
91,"0942750600","Червонопартизанськ","місто",0,"м.Свердловськ","Луганська",17524
92,"0942900000","Сєвєродонецьк","місто",0,"м.Сєвєродонецьк","Луганська",120225
93,"0943100000","Стаханов","місто",0,"м.Стаханов","Луганська",90144
94,"0943150200","Алмазна","місто",0,"м.Стаханов","Луганська",5099
95,"0943150800","Теплогірськ","місто",0,"м.Стаханов","Луганська",13174
96,"1220350100","Апостолове","місто",0,"Апостолівський","Дніпропетровська",16356
97,"1220350300","Зеленодольськ","місто",0,"Апостолівський","Дніпропетровська",14986
98,"1220755100","Васильківка","смт.",0,"Васильківський","Дніпропетровська",12028
99,"1221050100","Верхньодніпровськ","місто",0,"Верхньодніпровський","Дніпропетровська",16680
100,"1221050300","Верхівцеве","місто",0,"Верхньодніпровський","Дніпропетровська",10134
101,"1221451000","Підгородне","місто",0,"Дніпропетровський","Дніпропетровська",17778
102,"1222055100","Кринички","смт.",0,"Криничанський","Дніпропетровська",4657
103,"1222355100","Магдалинівка","смт.",0,"Магдалинівський","Дніпропетровська",6493
104,"1222655100","Межова","смт.",0,"Межівський","Дніпропетровська",8049
105,"1223255900","Перещепине","місто",0,"Новомосковський","Дніпропетровська",10150
106,"1223755100","Петриківка","смт.",0,"Петриківський","Дніпропетровська",4913
107,"1223855100","Петропавлівка","смт.",0,"Петропавлівський","Дніпропетровська",9177
108,"1224255100","Покровське","смт.",0,"Покровський","Дніпропетровська",11661
109,"1224550100","П'ятихатки","місто",0,"П'ятихатський","Дніпропетровська",20459
110,"1225055100","Солоне","смт.",0,"Солонянський","Дніпропетровська",7428
111,"1225255100","Софіївка","смт.",0,"Софіївський","Дніпропетровська",8243
112,"1225455100","Томаківка","смт.",0,"Томаківський","Дніпропетровська",8090
113,"1225655100","Царичанка","смт.",0,"Царичанський","Дніпропетровська",7839
114,"1225855100","Широке","смт.",0,"Широківський","Дніпропетровська",11221
115,"1225955100","Юр'ївка","смт.",0,"Юр'ївський","Дніпропетровська",2533
116,"1240200000","Вільногірськ","місто",0,"м.Вільногірськ","Дніпропетровська",24080
117,"1240400000","Дніпродзержинськ","місто",0,"м.Дніпродзержинськ","Дніпропетровська",254869
118,"1240700000","Жовті Води","місто",0,"м.Жовті Води","Дніпропетровська",56542
119,"1241000000","Кривий Ріг","місто",0,"м.Кривий Ріг","Дніпропетровська",706883
120,"1241300000","Марганець","місто",0,"м.Марганець","Дніпропетровська",49438
121,"1241600000","Нікополь","місто",0,"м.Нікополь","Дніпропетровська",138218
122,"1241900000","Новомосковськ","місто",0,"м.Новомосковськ","Дніпропетровська",71860
123,"1242100000","Орджонікідзе","місто",0,"м.Орджонікідзе","Дніпропетровська",44956
124,"1242400000","Павлоград","місто",0,"м.Павлоград","Дніпропетровська",119672
125,"1242600000","Першотравенськ","місто",0,"м.Першотравенськ","Дніпропетровська",29374
126,"1243000000","Синельникове","місто",0,"м.Синельникове","Дніпропетровська",32292
127,"1243500000","Тернівка","місто",0,"м.Тернівка","Дніпропетровська",29442
128,"1420355100","Олександрівка","смт.",0,"Олександрівський","Донецька",4186
129,"1420650100","Амвросіївка","місто",0,"Амвросіївський","Донецька",21861
130,"1420950400","Сіверськ","місто",0,"Артемівський","Донецька",14400
131,"1421255100","Велика Новосілка","смт.",0,"Великоновосілківський","Донецька",7385
132,"1421550100","Волноваха","місто",0,"Волноваський","Донецька",24373
133,"1421755100","Володарське","смт.",0,"Володарський","Донецька",8779
134,"1423350100","Мар'їнка","місто",0,"Мар'їнський","Донецька",10530
135,"1423350400","Красногорівка","місто",0,"Мар'їнський","Донецька",16398
136,"1423350600","Курахове","місто",0,"Мар'їнський","Донецька",21516
137,"1423650100","Новоазовськ","місто",0,"Новоазовський","Донецька",12723
138,"1423955100","Мангуш","смт.",0,"Першотравневий","Донецька",8385
139,"1424550400","Комсомольське","місто",0,"Старобешівський","Донецька",12672
140,"1424555100","Старобешеве","смт.",0,"Старобешівський","Донецька",7118
141,"1424855100","Тельманове","смт.",0,"Тельманівський","Донецька",5273
142,"1440160500","Моспине","місто",0,"м.Донецьк","Донецька",11735
143,"1440200000","Авдіївка","місто",0,"м.Авдіївка","Донецька",37237
144,"1440300000","Артемівськ","місто",0,"м.Артемівськ","Донецька",83146
145,"1440350300","Соледар","місто",0,"м.Артемівськ","Донецька",13182
146,"1440350600","Часів Яр","місто",0,"м.Артемівськ","Донецька",16767
147,"1440600000","Горлівка","місто",0,"м.Горлівка","Донецька",289872
148,"1440900000","Дебальцеве","місто",0,"м.Дебальцеве","Донецька",30806
149,"1440950500","Світлодарське","місто",0,"м.Дебальцеве","Донецька",13203
150,"1441200000","Дзержинськ","місто",0,"м.Дзержинськ","Донецька",42916
151,"1441250300","Артемове","місто",0,"м.Дзержинськ","Донецька",6543
152,"1441300000","Димитров","місто",0,"м.Димитров","Донецька",55677
153,"1441500000","Добропілля","місто",0,"м.Добропілля","Донецька",35977
154,"1441550300","Білецьке","місто",0,"м.Добропілля","Донецька",10154
155,"1441550500","Білозерське","місто",0,"м.Добропілля","Донецька",18543
156,"1441600000","Докучаєвськ","місто",0,"м.Докучаєвськ","Донецька",24142
157,"1441700000","Дружківка","місто",0,"м.Дружківка","Донецька",64641
158,"1442000000","Єнакієве","місто",0,"м.Єнакіїве","Донецька",104266
159,"1442050500","Вуглегірськ","місто",0,"м.Єнакіїве","Донецька",10693
160,"1442050700","Юнокомунарівськ","місто",0,"м.Єнакіїве","Донецька",17828
161,"1442100000","Жданівка","місто",0,"м.Жданівка","Донецька",13266
162,"1442300000","Маріуполь","місто",0,"м.Маріуполь","Донецька",488462
163,"1442500000","Кіровське","місто",0,"м.Кіровське","Донецька",31041
164,"1442600000","Костянтинівка","місто",0,"м.Костянтинівка","Донецька",94886
165,"1442900000","Краматорськ","місто",0,"м.Краматорськ","Донецька",180487
166,"1443200000","Красноармійськ","місто",0,"м.Красноармійськ","Донецька",68740
167,"1443250600","Родинське","місто",0,"м.Красноармійськ","Донецька",11988
168,"1443300000","Красний Лиман","місто",0,"м.Красний Лиман","Донецька",27575
169,"1443500000","Макіївка","місто",0,"м.Макіївка","Донецька",387609
170,"1443600000","Новогродівка","місто",0,"м.Новогродівка","Донецька",17559
171,"1443800000","Селідове","місто",0,"м.Селідове","Донецька",26875
172,"1443850300","Гірник","місто",0,"м.Селідове","Донецька",14246
173,"1443850900","Українськ","місто",0,"м.Селідове","Донецька",13378
174,"1444100000","Слов'янськ","місто",0,"м.Слов'янськ","Донецька",122575
175,"1444150500","Святогірськ","місто",0,"м.Слов'янськ","Донецька",3805
176,"1444155400","Миколаївка","місто",0,"м.Слов'янськ","Донецька",16493
177,"1444400000","Сніжне","місто",0,"м.Сніжне","Донецька",58578
178,"1444700000","Торез","місто",0,"м.Торез","Донецька",72745
179,"1444800000","Вугледар","місто",0,"м.Вугледар","Донецька",17518
180,"1445000000","Харцизьк","місто",0,"м.Харцизьк","Донецька",63672
181,"1445050500","Зугрес","місто",0,"м.Харцизьк","Донецька",19910
182,"1445050800","Іловайськ","місто",0,"м.Харцизьк","Донецька",17621
183,"1445300000","Шахтарськ","місто",0,"м.Шахтарськ","Донецька",60368
184,"1445500000","Ясинувата","місто",0,"м.Ясинувата","Донецька",36903
185,"1820350100","Андрушівка","місто",0,"Андрушівський","Житомирська",9832
186,"1820655100","Баранівка","місто",0,"Баранівський","Житомирська",12523
187,"1820955100","Брусилів","смт.",0,"Брусилівський","Житомирська",5385
188,"1821155100","Володарськ-Волинський","смт.",0,"Володарсько-Волинський","Житомирська",8037
189,"1821455100","Романів","смт.",0,"Романівський","Житомирська",8202
190,"1821755100","Ємільчине","смт.",4,"Ємільчинський","Житомирська",7392
191,"1822550100","Коростишів","місто",0,"Коростишівський","Житомирська",25735
192,"1822855100","Лугини","смт.",3,"Лугинський","Житомирська",4692
193,"1823155100","Любар","смт.",0,"Любарський","Житомирська",2482
194,"1823450100","Малин","місто",4,"м.Малин","Житомирська",28150
195,"1823755100","Народичі","смт.",2,"Народицький","Житомирська",2585
196,"1824250100","Овруч","місто",3,"Овруцький","Житомирська",16896
197,"1824455100","Олевськ","місто",4,"Олевський","Житомирська",10851
198,"1824785301","Попільня","смт.",0,"Попільнянський","Житомирська",6109
199,"1825050100","Радомишль","місто",0,"Радомишльський","Житомирська",15307
200,"1825255100","Ружин","смт.",0,"Ружинський","Житомирська",5067
201,"1825455100","Червоноармійськ","смт.",0,"Червоноармійський","Житомирська",5323
202,"1825655100","Черняхів","смт.",0,"Черняхівський","Житомирська",10416
203,"1825855100","Чуднів","смт.",0,"Чуднівський","Житомирська",6450
204,"1840100000","Житомир","місто",0,"м.Житомир","Житомирська",282823
205,"1840400000","Бердичів","місто",0,"м.Бердичів","Житомирська",87193
206,"1840700000","Коростень","місто",3,"м.Коростень","Житомирська",66850
207,"1841000000","Новоград-Волинський","місто",0,"м.Новоград-Волинський","Житомирська",56555
208,"2120450100","Берегове","місто",0,"м.Берегове","Закарпатська",26050
209,"2120855100","Великий Березний","смт.",0,"Великоберезнянський","Закарпатська",6655
210,"2121250100","Виноградів","місто",0,"Виноградівський","Закарпатська",25383
211,"2121555100","Воловець","смт.",0,"Воловецький","Закарпатська",5178
212,"2121950100","Іршава","місто",0,"Іршавський","Закарпатська",9512
213,"2122455100","Міжгір'я","смт.",0,"Міжгірський","Закарпатська",9421
214,"2123255100","Перечин","місто",0,"Перечинський","Закарпатська",7020
215,"2123650100","Рахів","місто",0,"Рахівський","Закарпатська",14969
216,"2124050100","Свалява","місто",0,"Свалявський","Закарпатська",16983
217,"2124450100","Тячів","місто",0,"Тячівський","Закарпатська",9519
218,"2124850300","Чоп","місто",0,"м.Чоп","Закарпатська",8870
219,"2125350100","Хуст","місто",0,"м.Хуст","Закарпатська",28559
220,"2140100000","Ужгород","місто",0,"м.Ужгород","Закарпатська",115568
221,"2140400000","Мукачеве","місто",0,"м.Мукачеве","Закарпатська",81637
222,"2320355100","Якимівка","смт.",0,"Якимівський","Запорізька",12832
223,"2320950100","Василівка","місто",0,"Василівський","Запорізька",15507
224,"2320950400","Дніпрорудне","місто",0,"Василівський","Запорізька",21271
225,"2321180101","Велика Білозерка","село",0,"Великобілозерський","Запорізька",3657
226,"2321255100","Веселе","смт.",0,"Веселівський","Запорізька",11098
227,"2321550100","Вільнянськ","місто",0,"Вільнянський","Запорізька",16456
228,"2321850100","Гуляйполе","місто",0,"Гуляйпільський","Запорізька",16829
229,"2322450100","Кам'янка-Дніпровська","місто",0,"Кам'янсько-Дніпровський","Запорізька",15406
230,"2322755100","Куйбишеве","смт.",0,"Куйбишевський","Запорізька",8083
231,"2323355100","Михайлівка","смт.",0,"Михайлівський","Запорізька",13671
232,"2323655100","Новомиколаївка","смт.",0,"Новомиколаївський","Запорізька",5825
233,"2323950100","Оріхів","місто",0,"Оріхівський","Запорізька",17986
234,"2324250100","Пологи","місто",0,"Пологівський","Запорізька",22096
235,"2324555100","Приазовське","смт.",0,"Приазовський","Запорізька",7266
236,"2324850100","Приморськ","місто",0,"Приморський","Запорізька",12860
237,"2324955100","Розівка","смт.",0,"Розівський","Запорізька",4379
238,"2325250100","Молочанськ","місто",0,"Токмацький","Запорізька",7883
239,"2325555100","Чернігівка","смт.",0,"Чернігівський","Запорізька",7415
240,"2340100000","Запоріжжя","місто",0,"м.Запоріжжя","Запорізька",810620
241,"2340400000","Бердянськ","місто",0,"м.Бердянськ","Запорізька",121759
242,"2340700000","Мелітополь","місто",0,"м.Мелітополь","Запорізька",160352
243,"2341000000","Токмак","місто",0,"м.Токмак","Запорізька",36760
244,"2342500000","Енергодар","місто",0,"м.Енергодар","Запорізька",56180
245,"2620455100","Богородчани","смт.",0,"Богородчанський","Івано-Франківська",7464
246,"2620855100","Верховина","смт.",0,"Верховинський","Івано-Франківська",5412
247,"2621250100","Галич","місто",0,"Галицький","Івано-Франківська",6406
248,"2621250300","Бурштин","місто",0,"Галицький","Івано-Франківська",15182
249,"2621650100","Городенка","місто",0,"Городенківський","Івано-Франківська",9508
250,"2622050100","Долина","місто",0,"Долинський","Івано-Франківська",20696
251,"2623650100","Косів","місто",0,"Косівський","Івано-Франківська",8278
252,"2624050100","Надвірна","місто",0,"Надвірнянський","Івано-Франківська",20620
253,"2624450100","Рогатин","місто",0,"Рогатинський","Івано-Франківська",8461
254,"2624855100","Рожнятів","смт.",0,"Рожнятівський","Івано-Франківська",4003
255,"2625250100","Снятин","місто",0,"Снятинський","Івано-Франківська",10210
256,"2625650100","Тлумач","місто",0,"Тлумацький","Івано-Франківська",8632
257,"2625850100","Тисмениця","місто",0,"Тисменицький","Івано-Франківська",9720
258,"2640100000","Івано-Франківськ","місто",0,"м.Івано-Франківськ","Івано-Франківська",215288
259,"2640200000","Болехів","місто",0,"м.Болехів","Івано-Франківська",10590
260,"2640400000","Калуш","місто",0,"м.Калуш","Івано-Франківська",67887
261,"2640600000","Коломия","місто",0,"м.Коломия","Івано-Франківська",61448
262,"2641000000","Яремче","місто",0,"м.Яремче","Івано-Франківська",7543
263,"3220255100","Баришівка","смт.",0,"Баришівський","Київська",10925
264,"3220450500","Узин","місто",4,"Білоцерківський","Київська",13179
265,"3220650100","Богуслав","місто",4,"Богуславський","Київська",16911
266,"3221055100","Бородянка","смт.",4,"Бородянський","Київська",12353
267,"3221655100","Володарка","смт.",0,"Володарський","Київська",7540
268,"3221850100","Вишгород","місто",4,"Вишгородський","Київська",22867
269,"3221955100","Згурівка","смт.",0,"Згурівський","Київська",6629
270,"3222055100","Іванків","смт.",3,"Іванківський","Київська",10424
271,"3222250100","Кагарлик","місто",4,"Кагарлицький","Київська",13802
272,"3222450300","Боярка","місто",4,"Києво-Святошинський","Київська",34502
273,"3222450600","Вишневе","місто",0,"Києво-Святошинський","Київська",34295
274,"3222755100","Макарів","смт.",4,"Макарівський","Київська",11860
275,"3222950100","Миронівка","місто",4,"Миронівський","Київська",13253
276,"3223150100","Обухів","місто",0,"Обухівський","Київська",32737
277,"3223151000","Українка","місто",0,"Обухівський","Київська",13978
278,"3223584401","Красятичі","смт.",4,"Поліський","Київська",748
279,"3223755100","Рокитне","смт.",4,"Рокитнянський","Київська",13690
280,"3224050100","Сквира","місто",0,"Сквирський","Київська",18009
281,"3224255100","Ставище","смт.",4,"Ставищенський","Київська",7828
282,"3224450100","Тараща","місто",4,"Таращанський","Київська",13307
283,"3224650100","Тетіїв","місто",0,"Тетіївський","Київська",15111
284,"3225550100","Яготин","місто",0,"Яготинський","Київська",23556
285,"3240300000","Біла Церква","місто",4,"м.Біла Церква","Київська",196023
286,"3240400000","Березань","місто",0,"м.Березань","Київська",17516
287,"3240500000","Бориспіль","місто",0,"м.Бориспіль","Київська",53953
288,"3240600000","Бровари","місто",0,"м.Бровари","Київська",86165
289,"3240700000","Васильків","місто",0,"м.Васильків","Київська",39340
290,"3240900000","Ірпінь","місто",4,"м.Ірпінь","Київська",39950
291,"3240955300","Буча","місто",4,"м.Буча","Київська",28279
292,"3241000000","Переяслав-Хмельницький","місто",0,"м.Переяслав-Хмельницький","Київська",31621
293,"3241200000","Фастів","місто",4,"м.Фастів","Київська",51552
294,"3241300000","Ржищів","місто",0,"м.Ржищів","Київська",8436
295,"3241500000","Славутич","місто",4,"м.Славутич","Київська",24549
296,"3520555100","Олександрівка","смт.",0,"Олександрівський","Кіровоградська",10986
297,"3520850100","Бобринець","місто",0,"Бобринецький","Кіровоградська",12223
298,"3521150100","Гайворон","місто",0,"Гайворонський","Кіровоградська",15956
299,"3521455100","Голованівськ","смт.",0,"Голованівський","Кіровоградська",6660
300,"3521750300","Помічна","місто",0,"Добровеличківський","Кіровоградська",10913
301,"3521755100","Добровеличківка","смт.",0,"Добровеличківський","Кіровоградська",6976
302,"3521950100","Долинська","місто",0,"Долинський","Кіровоградська",18567
303,"3522855100","Компаніївка","смт.",0,"Компаніївський","Кіровоградська",4993
304,"3523150100","Мала Виска","місто",0,"Маловисківський","Кіровоградська",12994
305,"3523455100","Новгородка","смт.",0,"Новгородківський","Кіровоградська",6632
306,"3523655100","Новоархангельськ","смт.",0,"Новоархангельський","Кіровоградська",7624
307,"3523850100","Новомиргород","місто",0,"Новомиргородський","Кіровоградська",13220
308,"3524050100","Новоукраїнка","місто",0,"Новоукраїнський","Кіровоградська",19123
309,"3524355100","Вільшанка","смт.",0,"Вільшанський","Кіровоградська",5670
310,"3524655100","Онуфріївка","смт.",0,"Онуфріївський","Кіровоградська",4397
311,"3524955100","Петрове","смт.",0,"Петрівський","Кіровоградська",8512
312,"3525550100","Ульяновка","місто",0,"Ульяновський","Кіровоградська",7404
313,"3525855100","Устинівка","смт.",0,"Устинівський","Кіровоградська",4142
314,"3540100000","Кіровоград","місто",0,"м.Кіровоград","Кіровоградська",250629
315,"3540300000","Олександрія","місто",0,"м.Олександрія","Кіровоградська",92638
316,"3540600000","Знам'янка","місто",0,"м.Знам'янка","Кіровоградська",29234
317,"3540900000","Світловодськ","місто",0,"м.Світловодськ","Кіровоградська",49938
318,"4000000000","Севастополь","місто",0,"м.Севастополь","м.Севастополь",340190
319,"4026350300","Інкерман","місто",0,"м.Севастополь","м.Севастополь",10452
320,"4320450100","Бахчисарай","місто",0,"Бахчисарайський","Автономна Республіка Крим",26700
321,"4320750100","Білогірськ","місто",0,"Білогірський","Автономна Республіка Крим",18420
322,"4321650400","Старий Крим","місто",0,"Кіровський","Автономна Республіка Крим",9960
323,"4321655100","Кіровське","смт.",0,"Кіровський","Автономна Республіка Крим",7431
324,"4322055100","Красногвардійське","смт.",0,"Красногвардійський","Автономна Республіка Крим",11168
325,"4322750500","Щолкіне","місто",0,"Ленінський","Автономна Республіка Крим",11677
326,"4322755100","Леніне","смт.",0,"Ленінський","Автономна Республіка Крим",8451
327,"4323155100","Нижньогірський","смт.",0,"Нижньогірський","Автономна Республіка Крим",10534
328,"4323555100","Первомайське","смт.",0,"Первомайський","Автономна Республіка Крим",9384
329,"4323955100","Роздольне","смт.",0,"Роздольненський","Автономна Республіка Крим",8163
330,"4325255100","Совєтський","смт.",0,"Совєтський","Автономна Республіка Крим",10963
331,"4325655100","Чорноморське","смт.",0,"Чорноморський","Автономна Республіка Крим",11643
332,"4340100000","Сімферополь","місто",0,"м.Сімферополь","Автономна Республіка Крим",338038
333,"4340300000","Алушта","місто",0,"м.Алушта","Автономна Республіка Крим",29781
334,"4340600000","Джанкой","місто",0,"м.Джанкой","Автономна Республіка Крим",42861
335,"4340900000","Євпаторія","місто",0,"м.Євпаторія","Автономна Республіка Крим",103244
336,"4341200000","Керч","місто",0,"м.Керч","Автономна Республіка Крим",158165
337,"4341300000","Красноперекопськ","місто",0,"м.Красноперекопськ","Автономна Республіка Крим",30902
338,"4341400000","Саки","місто",0,"м.Саки","Автономна Республіка Крим",28522
339,"4341500000","Армянськ","місто",0,"м.Армянськ","Автономна Республіка Крим",24508
340,"4341600000","Феодосія","місто",0,"м.Феодосія","Автономна Республіка Крим",73857
341,"4341700000","Судак","місто",0,"м.Судак","Автономна Республіка Крим",15050
342,"4341900000","Ялта","місто",0,"м.Ялта","Автономна Республіка Крим",80552
343,"4341950200","Алупка","місто",0,"м.Ялта","Автономна Республіка Крим",8745
344,"4620350100","Броди","місто",0,"Бродівський","Львівська",23206
345,"4620650100","Буськ","місто",0,"Буський","Львівська",8580
346,"4620950100","Городок","місто",0,"Городоцький","Львівська",15993
347,"4620950400","Комарно","місто",0,"Городоцький","Львівська",3977
348,"4621550100","Жидачів","місто",0,"Жидачівський","Львівська",11683
349,"4621550500","Ходорів","місто",0,"Жидачівський","Львівська",10541
350,"4621850100","Золочів","місто",0,"Золочівський","Львівська",23406
351,"4621850200","Глиняни","місто",0,"Золочівський","Львівська",3372
352,"4622150100","Кам'янка-Бузька","місто",0,"Кам'янка-Бузький","Львівська",11510
353,"4622450100","Мостиська","місто",0,"Мостиський","Львівська",9044
354,"4622450500","Судова Вишня","місто",0,"Мостиський","Львівська",6655
355,"4622750100","Жовква","місто",0,"Жовківський","Львівська",13316
356,"4622750200","Дубляни","місто",0,"Жовківський","Львівська",8459
357,"4622750400","Рава-Руська","місто",0,"Жовківський","Львівська",8159
358,"4623050100","Миколаїв","місто",0,"Миколаївський","Львівська",14784
359,"4623050400","Новий Розділ","місто",0,"м.Новий Розділ","Львівська",28471
360,"4623350100","Перемишляни","місто",0,"Перемишлянський","Львівська",7499
361,"4623350300","Бібрка","місто",0,"Перемишлянський","Львівська",3949
362,"4623650100","Пустомити","місто",0,"Пустомитівський","Львівська",9762
363,"4623950100","Радехів","місто",0,"Радехівський","Львівська",9181
364,"4624250400","Рудки","місто",0,"Самбірський","Львівська",4912
365,"4624283001","Новий Калинів","місто",0,"Самбірський","Львівська",3584
366,"4624550100","Сколе","місто",0,"Сколівський","Львівська",6436
367,"4624850100","Сокаль","місто",0,"Сокальський","Львівська",21451
368,"4624850300","Белз","місто",0,"Сокальський","Львівська",2478
369,"4624850600","Великі Мости","місто",0,"Сокальський","Львівська",5924
370,"4624850900","Угнів","місто",0,"Сокальський","Львівська",999
371,"4625150100","Старий Самбір","місто",0,"Старосамбірський","Львівська",5603
372,"4625150300","Добромиль","місто",0,"Старосамбірський","Львівська",4890
373,"4625150700","Хирів","місто",0,"Старосамбірський","Львівська",4595
374,"4625350100","Моршин","місто",0,"м.Моршин","Львівська",4963
375,"4625550100","Турка","місто",0,"Турківський","Львівська",7440
376,"4625850100","Яворів","місто",0,"Яворівський","Львівська",13285
377,"4625850500","Новояворівськ","місто",0,"Яворівський","Львівська",26448
378,"4640100000","Львів","місто",0,"м.Львів","Львівська",725202
379,"4640160300","Винники","місто",0,"м.Львів","Львівська",12917
380,"4640300000","Борислав","місто",0,"м.Борислав","Львівська",38442
381,"4640600000","Дрогобич","місто",0,"м.Дрогобич","Львівська",77049
382,"4640650500","Стебник","місто",0,"м.Дрогобич","Львівська",20634
383,"4640900000","Самбір","місто",0,"м.Самбір","Львівська",36218
384,"4641200000","Стрий","місто",0,"м.Стрий","Львівська",62051
385,"4641500000","Трускавець","місто",0,"м.Трускавець","Львівська",22489
386,"4641800000","Червоноград","місто",0,"м.Червоноград","Львівська",70287
387,"4641850400","Соснівка","місто",0,"м.Червоноград","Львівська",11838
388,"4820355100","Арбузинка","смт.",0,"Арбузинський","Миколаївська",7383
389,"4820650100","Баштанка","місто",0,"Баштанський","Миколаївська",13072
390,"4820955100","Березанка","смт.",0,"Березанський","Миколаївська",4163
391,"4821155100","Березнегувате","смт.",0,"Березнегуватський","Миколаївська",7800
392,"4821455100","Братське","смт.",0,"Братський","Миколаївська",6148
393,"4821755100","Веселинове","смт.",0,"Веселинівський","Миколаївська",7186
394,"4822355100","Врадіївка","смт.",0,"Врадіївський","Миколаївська",10036
395,"4822755100","Доманівка","смт.",0,"Доманівський","Миколаївська",6723
396,"4823055100","Єланець","смт.",0,"Єланецький","Миколаївська",5636
397,"4823655100","Казанка","смт.",0,"Казанківський","Миколаївська",8306
398,"4823955100","Криве Озеро","смт.",0,"Кривоозерський","Миколаївська",8525
399,"4824550100","Новий Буг","місто",0,"Новобузький","Миколаївська",16200
400,"4824850100","Нова Одеса","місто",0,"Новоодеський","Миколаївська",14073
401,"4825750100","Снігурівка","місто",0,"Снігурівський","Миколаївська",15396
402,"4840100000","Миколаїв","місто",0,"м.Миколаїв","Миколаївська",509102
403,"4840200000","Вознесенськ","місто",0,"м.Вознесенськ","Миколаївська",42248
404,"4840300000","Очаків","місто",0,"м.Очаків","Миколаївська",17109
405,"4840400000","Первомайськ","місто",0,"м.Первомайськ","Миколаївська",70746
406,"4840800000","Южноукраїнськ","місто",0,"м.Южноукраїнськ","Миколаївська",39460
407,"5120250100","Ананьїв","місто",0,"Ананьївський","Одеська",9355
408,"5120450100","Арциз","місто",0,"Арцизький","Одеська",16268
409,"5120650100","Балта","місто",0,"Балтський","Одеська",19772
410,"5121050100","Біляївка","місто",0,"Біляївський","Одеська",14248
411,"5121250100","Березівка","місто",0,"Березівський","Одеська",9347
412,"5121450100","Болград","місто",0,"Болградський","Одеська",17082
413,"5121655100","Велика Михайлівка","смт.",0,"Великомихайлівський","Одеська",5841
414,"5121855100","Іванівка","смт.",0,"Іванівський","Одеська",3113
415,"5122350100","Кілія","місто",0,"Кілійський","Одеська",22884
416,"5122350300","Вилкове","місто",0,"Кілійський","Одеська",9426
417,"5122550100","Кодима","місто",0,"Кодимський","Одеська",9493
418,"5122755100","Комінтернівське","смт.",0,"Комінтернівський","Одеська",6506
419,"5123155100","Красні Окни","смт.",0,"Красноокнянський","Одеська",5636
420,"5123355100","Любашівка","смт.",0,"Любашівський","Одеська",9780
421,"5123555100","Миколаївка","смт.",0,"Миколаївський","Одеська",3743
422,"5123755100","Овідіополь","смт.",0,"Овідіопольський","Одеська",11818
423,"5123950100","Роздільна","місто",0,"Роздільнянський","Одеська",17615
424,"5124150100","Рені","місто",0,"Ренійський","Одеська",20761
425,"5124355100","Саврань","смт.",0,"Савранський","Одеська",6837
426,"5124555100","Сарата","смт.",0,"Саратський","Одеська",5008
427,"5124755100","Тарутине","смт.",0,"Тарутинський","Одеська",6080
428,"5125050100","Татарбунари","місто",0,"Татарбунарський","Одеська",10740
429,"5125255100","Фрунзівка","смт.",0,"Фрунзівський","Одеська",5111
430,"5125455100","Ширяєве","смт.",0,"Ширяївський","Одеська",7238
431,"5140169500","Теплодар","місто",0,"м.Теплодар","Одеська",9036
432,"5140300000","Білгород-Дністровський","місто",0,"м.Білгород-Дністровський","Одеська",51133
433,"5140600000","Ізмаїл","місто",0,"м.Ізмаїл","Одеська",85098
434,"5140800000","Іллічівськ","місто",0,"м.Іллічівськ","Одеська",54102
435,"5141200000","Котовськ","місто",0,"м.Котовськ","Одеська",40664
436,"5141700000","Южне","місто",0,"м.Южне","Одеська",24167
437,"5320255100","Велика Багачка","смт.",0,"Великобагачанський","Полтавська",5686
438,"5320450100","Гадяч","місто",0,"Гадяцький","Полтавська",22267
439,"5320650100","Глобине","місто",0,"Глобинський","Полтавська",12801
440,"5320850100","Гребінка","місто",0,"Гребінківський","Полтавська",11562
441,"5321055100","Диканька","смт.",0,"Диканський","Полтавська",8468
442,"5321350100","Зіньків","місто",0,"Зіньківський","Полтавська",10393
443,"5321650100","Карлівка","місто",0,"Карлівський","Полтавська",17849
444,"5321850100","Кобеляки","місто",0,"Кобеляцький","Полтавська",11968
445,"5322055100","Козельщина","смт.",0,"Козельщинський","Полтавська",4434
446,"5322255100","Котельва","смт.",0,"Котелевський","Полтавська",12660
447,"5322650100","Лохвиця","місто",0,"Лохвицький","Полтавська",12307
448,"5322650600","Червонозаводське","місто",0,"Лохвицький","Полтавська",9026
449,"5323055100","Машівка","смт.",0,"Машівський","Полтавська",4092
450,"5323455100","Нові Санжари","смт.",0,"Новосанжарський","Полтавська",8146
451,"5323655100","Оржиця","смт.",0,"Оржицький","Полтавська",3983
452,"5323850100","Пирятин","місто",0,"Пирятинський","Полтавська",16560
453,"5324255100","Решетилівка","смт.",0,"Решетилівський","Полтавська",9403
454,"5324555100","Семенівка","смт.",0,"Семенівський","Полтавська",7469
455,"5324850100","Хорол","місто",0,"Хорольський","Полтавська",14643
456,"5325155100","Чорнухи","смт.",0,"Чорнухинський","Полтавська",3141
457,"5325455100","Чутове","смт.",0,"Чутівський","Полтавська",6372
458,"5325755100","Шишаки","смт.",0,"Шишацький","Полтавська",5252
459,"5340100000","Полтава","місто",0,"м.Полтава","Полтавська",310755
460,"5340200000","Комсомольськ","місто",0,"м.Комсомольськ","Полтавська",51832
461,"5340400000","Кременчук","місто",0,"м.Кременчук","Полтавська",232960
462,"5340700000","Лубни","місто",0,"м.Лубни","Полтавська",52218
463,"5340900000","Миргород","місто",0,"м.Миргород","Полтавська",41275
464,"5620455100","Березне","місто",4,"Березнівський","Рівненська",13444
465,"5620855100","Володимирець","смт.",4,"Володимирецький","Рівненська",8699
466,"5621255100","Гоща","смт.",0,"Гощанський","Рівненська",5121
467,"5621455300","Демидівка","смт.",0,"Демидівський","Рівненська",2736
468,"5621850100","Дубровиця","місто",3,"Дубровицький","Рівненська",9691
469,"5622255100","Зарічне","смт.",3,"Зарічненський","Рівненська",6854
470,"5622650100","Здолбунів","місто",0,"Здолбунівський","Рівненська",24417
471,"5623050100","Корець","місто",0,"Корецький","Рівненська",8446
472,"5623450100","Костопіль","місто",0,"Костопільський","Рівненська",30163
473,"5623855100","Млинів","смт.",0,"Млинівський","Рівненська",8446
474,"5625085601","Рокитне","смт.",3,"Рокитнівський","Рівненська",7143
475,"5625450100","Сарни","місто",4,"Сарненський","Рівненська",28257
476,"5625850100","Радивилів","місто",0,"Радивилівський","Рівненська",10190
477,"5640100000","Рівне","місто",0,"м.Рівне","Рівненська",245323
478,"5640300000","Дубно","місто",0,"м.Дубно","Рівненська",38707
479,"5640700000","Кузнецовськ","місто",4,"м.Кузнецовськ","Рівненська",39643
480,"5640900000","Острог","місто",0,"м.Острог","Рівненська",14325
481,"5920650100","Білопілля","місто",0,"Білопільський","Сумська",18213
482,"5920650300","Ворожба","місто",0,"Білопільський","Сумська",8375
483,"5920950100","Буринь","місто",0,"Буринський","Сумська",11607
484,"5921255100","Велика Писарівка","смт.",0,"Великописарівський","Сумська",5399
485,"5922355100","Краснопілля","смт.",0,"Краснопільський","Сумська",8905
486,"5922650100","Кролевець","місто",0,"Кролевецький","Сумська",25103
487,"5923255100","Липова Долина","смт.",0,"Липоводолинський","Сумська",5348
488,"5923555100","Недригайлів","смт.",0,"Недригайлівський","Сумська",6186
489,"5923850100","Путивль","місто",0,"Путивльський","Сумська",17274
490,"5924450100","Середина-Буда","місто",0,"Середино-Будський","Сумська",7526
491,"5925050100","Тростянець","місто",0,"Тростянецький","Сумська",23370
492,"5925650300","Дружба","місто",0,"Ямпільський","Сумська",5771
493,"5925655100","Ямпіль","смт.",0,"Ямпільський","Сумська",5178
494,"5940100000","Суми","місто",0,"м.Суми","Сумська",292139
495,"5940200000","Охтирка","місто",0,"м.Охтирка","Сумська",49721
496,"5940300000","Глухів","місто",0,"м.Глухів","Сумська",34954
497,"5940400000","Конотоп","місто",0,"м.Конотоп","Сумська",91683
498,"5940500000","Лебедин","місто",0,"м.Лебедин","Сумська",28814
499,"5940700000","Ромни","місто",0,"м.Ромни","Сумська",49454
500,"5941000000","Шостка","місто",0,"м.Шостка","Сумська",87200
501,"6120450100","Бережани","місто",0,"Бережанський","Тернопільська",17130
502,"6120850100","Борщів","місто",0,"Борщівський","Тернопільська",11251
503,"6121250100","Бучач","місто",0,"Бучацький","Тернопільська",12511
504,"6121650400","Копичинці","місто",0,"Гусятинський","Тернопільська",7003
505,"6121651000","Хоростків","місто",0,"Гусятинський","Тернопільська",7304
506,"6122050100","Заліщики","місто",4,"Заліщицький","Тернопільська",9739
507,"6122450100","Збараж","місто",0,"Збаразький","Тернопільська",13053
508,"6122650100","Зборів","місто",0,"Зборівський","Тернопільська",7339
509,"6123055100","Козова","смт.",0,"Козівський","Тернопільська",9252
510,"6123450100","Кременець","місто",0,"Кременецький","Тернопільська",21880
511,"6123450500","Почаїв","місто",0,"Кременецький","Тернопільська",8027
512,"6123855100","Ланівці","місто",0,"Лановецький","Тернопільська",8547
513,"6124250100","Монастириська","місто",0,"Монастириський","Тернопільська",6277
514,"6124650500","Скалат","місто",0,"Підволочиський","Тернопільська",4042
515,"6124655100","Підволочиськ","смт.",0,"Підволочиський","Тернопільська",7977
516,"6124850100","Підгайці","місто",0,"Підгаєцький","Тернопільська",3203
517,"6125050100","Теребовля","місто",0,"Теребовлянський","Тернопільська",13455
518,"6125855100","Шумськ","місто",0,"Шумський","Тернопільська",5010
519,"6140100000","Тернопіль","місто",0,"м.Тернопіль","Тернопільська",226029
520,"6320250100","Балаклія","місто",0,"Балаклійський","Харківська",32117
521,"6320450100","Барвінкове","місто",0,"Барвінківський","Харківська",12798
522,"6320655100","Близнюки","смт.",0,"Близнюківський","Харківська",4939
523,"6320850100","Богодухів","місто",0,"Богодухівський","Харківська",18045
524,"6321055100","Борова","смт.",0,"Борівський","Харківська",6806
525,"6321250100","Валки","місто",0,"Валківський","Харківська",10295
526,"6321455100","Великий Бурлук","смт.",0,"Великобурлуцький","Харківська",4937
527,"6321650100","Вовчанськ","місто",0,"Вовчанський","Харківська",20484
528,"6321750100","Зміїв","місто",0,"Зміївський","Харківська",16976
529,"6321855100","Дворічна","смт.",0,"Дворічанський","Харківська",4410
530,"6322050100","Дергачі","місто",0,"Дергачівський","Харківська",20196
531,"6322056703","Південне","місто",0,"Харківський","Харківська",8477
532,"6322255100","Зачепилівка","смт.",0,"Зачепилівський","Харківська",4409
533,"6322655100","Золочів","смт.",0,"Золочівський","Харківська",11495
534,"6323155100","Кегичівка","смт.",0,"Кегичівський","Харківська",6539
535,"6323255100","Коломак","смт.",0,"Коломацький","Харківська",3844
536,"6323350100","Красноград","місто",0,"Красноградський","Харківська",22444
537,"6323555100","Краснокутськ","смт.",0,"Краснокутський","Харківська",8008
538,"6323955400","Краснопавлівка","смт.",0,"Лозівський","Харківська",7828
539,"6324255100","Нова Водолага","смт.",0,"Нововодолазький","Харківська",13538
540,"6324655100","Печеніги","смт.",0,"Печенізький","Харківська",6033
541,"6324855100","Сахновщина","смт.",0,"Сахновщинський","Харківська",8625
542,"6325150700","Мерефа","місто",0,"Харківський","Харківська",25135
543,"6325785006","Шевченкове","смт.",0,"Шевченківський","Харківська",7306
544,"6340400000","Ізюм","місто",0,"м.Ізюм","Харківська",56075
545,"6340700000","Куп'янськ","місто",0,"м.Куп'янськ","Харківська",32187
546,"6341000000","Лозова","місто",0,"м.Лозова","Харківська",64627
547,"6341200000","Люботин","місто",0,"м.Люботин","Харківська",24031
548,"6341500000","Первомайський","місто",0,"м.Первомайський","Харківська",32826
549,"6342000000","Чугуїв","місто",0,"м.Чугуїв","Харківська",36438
550,"6520355100","Білозерка","смт.",0,"Білозерський","Херсонська",9564
551,"6520650100","Берислав","місто",0,"Бериславський","Херсонська",15425
552,"6520955100","Велика Олександрівка","смт.",0,"Великоолександрівський","Херсонська",7540
553,"6521255100","Велика Лепетиха","смт.",0,"Великолепетиський","Херсонська",9941
554,"6521855100","Високопілля","смт.",0,"Високопільський","Херсонська",4699
555,"6522150100","Генічеськ","місто",0,"Генічеський","Херсонська",21633
556,"6522350100","Гола Пристань","місто",0,"Голопристанський","Херсонська",15902
557,"6522655100","Горностаївка","смт.",0,"Горностаївський","Херсонська",6999
558,"6522955100","Іванівка","смт.",0,"Іванівський","Херсонська",5245
559,"6523255100","Каланчак","смт.",0,"Каланчацький","Херсонська",11116
560,"6523855100","Нижні Сірогози","смт.",0,"Нижньосірогозький","Херсонська",5992
561,"6524155100","Нововоронцовка","смт.",0,"Нововоронцовський","Херсонська",7115
562,"6524455100","Новотроїцьке","смт.",0,"Новотроїцький","Херсонська",11703
563,"6524750100","Скадовськ","місто",0,"Скадовський","Херсонська",19404
564,"6525050100","Цюрупинськ","місто",0,"Цюрупинський","Херсонська",24011
565,"6525455100","Чаплинка","смт.",0,"Чаплинський","Херсонська",10543
566,"6540100000","Херсон","місто",0,"м.Херсон","Херсонська",324424
567,"6540400000","Каховка","місто",0,"м.Каховка","Херсонська",38166
568,"6540700000","Нова Каховка","місто",0,"м.Нова Каховка","Херсонська",52611
569,"6540750800","Тавріїськ","місто",0,"м.Нова Каховка","Херсонська",11757
570,"6820355100","Білогір'я","смт.",0,"Білогірський","Хмельницька",5592
571,"6820655100","Віньківці","смт.",0,"Віньковецький","Хмельницька",6937
572,"6820950100","Волочиськ","місто",0,"Волочиський","Хмельницька",20721
573,"6821250100","Городок","місто",0,"Городоцький","Хмельницька",17509
574,"6821550100","Деражня","місто",0,"Деражнянський","Хмельницька",10437
575,"6821850100","Дунаївці","місто",0,"Дунаєвецький","Хмельницька",16400
576,"6821855300","Дунаївці","смт.",0,"Дунаєвецький","Хмельницька",2755
577,"6822150100","Ізяслав","місто",0,"Ізяславський","Хмельницька",18322
578,"6822750100","Красилів","місто",0,"Красилівський","Хмельницька",20450
579,"6823055100","Летичів","смт.",0,"Летичівський","Хмельницька",11024
580,"6823355100","Нова Ушиця","смт.",0,"Новоушицький","Хмельницька",4557
581,"6823650100","Полонне","місто",0,"Полонський","Хмельницька",23037
582,"6824250100","Старокостянтинів","місто",0,"м.Старокостянтинів","Хмельницька",35015
583,"6824455100","Стара Синява","смт.",0,"Старосинявський","Хмельницька",5961
584,"6824755100","Теофіполь","смт.",0,"Теофіпольський","Хмельницька",7026
585,"6825255100","Чемерівці","смт.",0,"Чемеровецький","Хмельницька",5263
586,"6825282301","Гусятин","смт.",0,"Гусятинський","Тернопільська",6506
587,"6825855100","Ярмолинці","смт.",0,"Ярмолинецький","Хмельницька",8806
588,"6840100000","Хмельницький","місто",0,"м.Хмельницький","Хмельницька",251077
589,"6840400000","Кам'янець-Подільський","місто",0,"м.Кам'янець-Подільський","Хмельницька",98873
590,"6840500000","Нетішин","місто",0,"м.Нетішин","Хмельницька",34267
591,"6840600000","Славута","місто",0,"м.Славута","Хмельницька",34278
592,"6840700000","Шепетівка","місто",0,"м.Шепетівка","Хмельницька",47988
593,"7120350100","Городище","місто",0,"Городищенський","Черкаська",15491
594,"7120655100","Драбів","смт.",0,"Драбівський","Черкаська",7172
595,"7120950100","Жашків","місто",0,"Жашківський","Черкаська",15687
596,"7121250100","Звенигородка","місто",4,"Звенигородський","Черкаська",19841
597,"7121850100","Кам'янка","місто",0,"Кам'янський","Черкаська",15043
598,"7122255100","Катеринопіль","смт.",4,"Катеринопільський","Черкаська",6366
599,"7122550100","Корсунь-Шевченківський","місто",0,"Корсунь-Шевченківський","Черкаська",19328
600,"7122855100","Лисянка","смт.",4,"Лисянський","Черкаська",8161
601,"7123155100","Маньківка","смт.",0,"Маньківський","Черкаська",8596
602,"7123450100","Монастирище","місто",0,"Монастирищенський","Черкаська",9366
603,"7124050100","Тальне","місто",4,"Тальнівський","Черкаська",16320
604,"7124650100","Христинівка","місто",0,"Христинівський","Черкаська",11528
605,"7125155100","Чорнобай","смт.",0,"Чорнобаївський","Черкаська",8263
606,"7125450100","Чигирин","місто",0,"Чигиринський","Черкаська",11960
607,"7125750100","Шпола","місто",0,"Шполянський","Черкаська",19176
608,"7140100000","Черкаси","місто",0,"м.Черкаси","Черкаська",292761
609,"7140200000","Ватутіне","місто",0,"м.Ватутіне","Черкаська",20027
610,"7140300000","Канів","місто",4,"м.Канів","Черкаська",26735
611,"7140400000","Золотоноша","місто",0,"м.Золотоноша","Черкаська",28375
612,"7140500000","Сміла","місто",0,"м.Сміла","Черкаська",68671
613,"7140800000","Умань","місто",0,"м.Умань","Черкаська",87843
614,"7420380501","Бахмач","місто",0,"Бахмацький","Чернігівська",19823
615,"7420650100","Бобровиця","місто",0,"Бобровицький","Чернігівська",11708
616,"7420850100","Борзна","місто",0,"Борзнянський","Чернігівська",11518
617,"7421155100","Варва","смт.",0,"Варвинський","Чернігівська",8773
618,"7421450100","Городня","місто",0,"Городнянський","Чернігівська",13987
619,"7421750100","Ічня","місто",0,"Ічнянський","Чернігівська",12611
620,"7422050400","Остер","місто",4,"Козелецький","Чернігівська",7107
621,"7422255100","Короп","смт.",0,"Коропський","Чернігівська",5567
622,"7422450100","Корюківка","місто",4,"Корюківський","Чернігівська",14145
623,"7422755100","Куликівка","смт.",0,"Куликівський","Чернігівська",5866
624,"7423050100","Мена","місто",0,"Менський","Чернігівська",12590
625,"7423650100","Новгород-Сіверський","місто",0,"Новгород-Сіверський","Чернігівська",15029
626,"7423850100","Носівка","місто",0,"Носівський","Чернігівська",15819
627,"7424155400","Ладан","смт.",0,"Прилуцький","Чернігівська",6944
628,"7424455100","Ріпки","смт.",4,"Ріпкинський","Чернігівська",7877
629,"7424750100","Семенівка","місто",4,"Семенівський","Чернігівська",9554
630,"7424955100","Сосниця","смт.",0,"Сосницький","Чернігівська",7922
631,"7425155100","Срібне","смт.",0,"Срібнянський","Чернігівська",3612
632,"7425355100","Талалаївка","смт.",0,"Талалаївський","Чернігівська",5185
633,"7425850100","Щорс","місто",0,"Щорський","Чернігівська",12196
634,"7440100000","Чернігів","місто",0,"м.Чернігів","Чернігівська",299038
635,"7440400000","Ніжин","місто",0,"м.Ніжин","Чернігівська",76059
636,"7440700000","Прилуки","місто",0,"м.Прилуки","Чернігівська",64069
637,"7720550100","Вижниця","місто",0,"Вижницький","Чернівецька",4917
638,"7720550400","Вашківці","місто",0,"Вижницький","Чернівецька",5918
639,"7720750100","Герца","місто",0,"Герцаївський","Чернівецька",2030
640,"7721055100","Глибока","смт.",0,"Глибоцький","Чернівецька",9124
641,"7721550100","Заставна","місто",0,"Заставнівський","Чернівецька",8762
642,"7722055100","Кельменці","смт.",0,"Кельменецький","Чернівецька",8007
643,"7722550100","Кіцмань","місто",0,"Кіцманський","Чернівецька",7496
644,"7723050100","Новоселиця","місто",0,"Новоселицький","Чернівецька",8244
645,"7723555100","Путила","смт.",0,"Путильський","Чернівецька",3265
646,"7724050100","Сокиряни","місто",0,"Сокирянський","Чернівецька",10105
647,"7724050300","Новодністровськ","місто",0,"м.Новодністровськ","Чернівецька",10344
648,"7724550100","Сторожинець","місто",0,"Сторожинецький","Чернівецька",14523
649,"7725050100","Хотин","місто",0,"Хотинський","Чернівецька",11124
650,"7740100000","Чернівці","місто",0,"м.Чернівці","Чернівецька",236691
651,"1440100000","Донецьк","місто",0,"м.Донецьк","Донецька",1007440
652,"5140100000","Одеса","місто",0,"м.Одеса","Одеська",1010298
653,"6340100000","Харків","місто",0,"м.Харків","Харківська",1449871
654,"1240100000","Дніпропетровськ","місто",0,"м.Дніпропетровськ","Дніпропетровська",1069801
655,"3000000000","Київ","місто",0,"м.Київ","м.Київ",2566953
656,"0724550100","Рожище","місто",0,"Рожищенський","Волинська",13511
657,"6125550100","Чортків","місто",0,"Чортківський","Тернопільська",28855
658,"6521555100","Верхній Рогачик","смт.",0,"Верхньорогачицький","Херсонська",6789
